Condition_mM,Track,Modality,DynamicRangePct,OnsetTime_s
1050,0001_1,Volume,12.891497488429692,103.57142857142856
1050,0001_10,Volume,13.436729114099705,75.78571428571428
1050,0001_4,Volume,26.421005141891698,119.35714285714285
1050,0001_5,Volume,29.39092734193865,134.57142857142856
1050,0001_6,Volume,24.73746615995792,122.14285714285714
1050,0001_7,Volume,14.344479299481492,122.92857142857142
1050,0001_8,Volume,34.637058345568136,154.2142857142857
1050,0001_9,Volume,23.486866872746845,115.85714285714285
1050,0002_1,Volume,45.59027465587768,119.85714285714285
1050,0002_2,Volume,20.36141198766515,130.0
1050,0002_3,Volume,9.817628479469988,128.5
1050,0002_4,Volume,19.670757209236044,140.5
1050,0002_5,Volume,40.006767965805366,172.92857142857142
1050,0002_7,Volume,9.661547361245084,163.0
1050,0003_1,Volume,8.66442415057898,223.35714285714283
1050,0003_2,Volume,14.102426692212916,152.92857142857142
1050,0003_3,Volume,39.02466704003035,83.5
1050,0003_4,Volume,38.10164860372926,53.285714285714285
1050,0003_5,Volume,15.613336695205021,134.07142857142856
1050,0003_6,Volume,10.125266596246604,155.28571428571428
1050,0003_7,Volume,11.615867431829315,154.07142857142856
1050,0003_8,Volume,27.763566495496875,180.3571428571429
1050,0003_9,Volume,26.736192040060672,179.64285714285714
1050,0004_1,Volume,18.25997751563807,140.57142857142856
1050,0004_2,Volume,15.599929762036908,144.92857142857142
1050,0004_3,Volume,9.008774856613982,137.7142857142857
1050,0004_4,Volume,17.503413033003753,144.07142857142856
1050,0004_5,Volume,19.979340719080312,23.285714285714285
1050,0004_6,Volume,5.709372785655432,57.35714285714285
1050,0004_7,Volume,12.262688179511727,139.85714285714286
1050,0004_8,Volume,26.570872977947744,135.35714285714286
150,0001_1,Volume,18.99833643150427,264.35714285714283
150,0001_2,Volume,25.582899548793137,166.57142857142856
150,0002_1,Volume,10.32149221097717,78.35714285714285
150,0002_2,Volume,6.29039102740434,226.7142857142857
150,0004_2,Volume,6.199220090148401,51.57142857142857
150,0005_1,Volume,5.9715516925377585,243.0
150,0005_2,Volume,6.3698488408377045,147.28571428571428
150,0005_3,Volume,9.312871573802028,54.71428571428571
150,0005_4,Volume,5.202566925310393,48.57142857142857
21,0001_2,Volume,17.439414826270877,424.5
21,0002_1,Volume,10.269591367326967,17.285714285714285
21,0003_1,Volume,5.796486373291259,128.57142857142856
21,0003_2,Volume,9.662548304961277,28.5
21,0004_2,Volume,9.151100234381744,298.7857142857143
21,0006_3,Volume,19.728362634530754,209.28571428571428
21,0007_3,Volume,9.344126026812091,152.2142857142857
250,0001_1,Volume,22.32427422602771,96.35714285714285
250,0001_2,Volume,5.379625705550339,57.42857142857142
250,0001_3,Volume,18.99393233468868,20.642857142857142
250,0002_1,Volume,9.481614561442598,72.35714285714285
250,0002_2,Volume,10.463595241969571,94.92857142857142
250,0002_3,Volume,14.589423629694636,187.92857142857144
250,0002_4,Volume,22.584263765992603,250.57142857142856
250,0003_1,Volume,19.997474656352637,279.0
250,0003_2,Volume,13.191340899773337,104.0
250,0003_3,Volume,11.176339539425967,67.78571428571428
250,0003_4,Volume,9.949643670864148,218.57142857142856
250,0004_1,Volume,18.13785477996285,329.7857142857143
250,0004_2,Volume,19.037562766618038,44.85714285714285
250,0004_3,Volume,18.92072102457118,270.35714285714283
250,0004_4,Volume,28.18203226025031,114.07142857142856
250,0005_2,Volume,33.454702403753075,105.28571428571428
250,0005_3,Volume,24.0840951518626,132.85714285714286
350,0001_1,Volume,22.294445377574988,73.0
350,0001_2,Volume,18.71916741442871,126.71428571428572
350,0001_3,Volume,12.000351321322412,273.9285714285714
350,0001_4,Volume,20.742798112486753,141.2142857142857
350,0001_5,Volume,9.13650628234788,145.0
350,0002_1,Volume,28.837019159921823,184.2142857142857
350,0002_2,Volume,12.598977885145231,61.0
350,0002_3,Volume,18.50452051211269,139.7142857142857
350,0003_1,Volume,20.606426306277456,94.21428571428572
350,0003_2,Volume,28.31297165390889,250.92857142857144
350,0003_5,Volume,6.514856430789607,148.35714285714286
350,0004_1,Volume,11.106540042382534,21.428571428571427
350,0004_2,Volume,26.11899838608558,139.42857142857142
350,0004_3,Volume,23.529049509742492,196.42857142857144
350,0004_4,Volume,12.108202162450198,72.07142857142857
350,0004_5,Volume,20.611643915527083,124.14285714285714
450,0001_1,Volume,24.406136521539167,150.7142857142857
450,0001_10,Volume,11.756221646025352,13.071428571428571
450,0001_2,Volume,31.80211066519263,97.71428571428572
450,0001_3,Volume,14.858253176172553,52.35714285714285
450,0001_4,Volume,39.84565343607928,170.35714285714286
450,0001_5,Volume,33.70679985439526,273.2857142857143
450,0001_6,Volume,16.756288011327,112.21428571428572
450,0001_7,Volume,11.407356176224795,67.57142857142857
450,0001_8,Volume,15.53318624586899,309.57142857142856
450,0001_9,Volume,17.17615926096289,35.0
450,0002_1,Volume,32.663650437097886,131.0
450,0002_10,Volume,29.721513366102897,199.6428571428572
450,0002_2,Volume,29.49485338300468,60.14285714285714
450,0002_3,Volume,15.825561458534196,222.1428571428572
450,0002_4,Volume,13.60765006359594,111.14285714285714
450,0002_5,Volume,12.133736382665234,18.71428571428571
450,0002_6,Volume,17.398356496276307,172.78571428571428
450,0002_7,Volume,14.299294616073666,27.142857142857142
450,0002_9,Volume,24.74730847344192,117.92857142857142
450,0003_1,Volume,35.49101738718201,96.92857142857142
450,0003_10,Volume,15.374036905229644,238.2142857142857
450,0003_2,Volume,29.50733370301147,149.5
450,0003_3,Volume,35.88714528778422,57.785714285714285
450,0003_4,Volume,28.751100887913253,94.78571428571428
450,0003_5,Volume,28.995235478096703,109.21428571428572
450,0003_6,Volume,32.53907354888483,80.42857142857143
450,0003_7,Volume,34.2496587915345,101.85714285714285
450,0003_8,Volume,34.841900963297064,94.14285714285714
450,0003_9,Volume,27.035638127313916,127.21428571428572
550,0001_1,Volume,28.23742120642001,121.28571428571428
550,0001_2,Volume,31.996637791746593,76.0
550,0001_3,Volume,21.810189094198563,100.0
550,0001_4,Volume,6.887282917380716,45.14285714285714
550,0001_6,Volume,20.500524941159625,155.5
550,0001_7,Volume,28.49143048220229,129.78571428571428
550,0002_1,Volume,9.820856554241146,102.07142857142856
550,0002_2,Volume,37.12757638131424,152.64285714285714
550,0002_3,Volume,27.21879545319186,199.1428571428572
550,0002_4,Volume,22.626438982305103,60.57142857142857
550,0002_5,Volume,24.608685588967163,62.35714285714285
650,0001_1,Volume,11.56711260999063,15.714285714285714
650,0001_3,Volume,28.962291829818838,133.85714285714286
650,0001_4,Volume,11.165114310692289,12.785714285714285
650,0001_5,Volume,11.260382207101031,116.07142857142856
650,0001_6,Volume,13.955956917710381,24.785714285714285
650,0001_7,Volume,16.091654769515955,80.57142857142857
650,0001_8,Volume,14.763355134353475,19.5
650,0002_1,Volume,32.3740100075447,109.5
650,0002_2,Volume,25.860131798506274,128.0
650,0002_3,Volume,27.14876140883547,151.0
650,0002_4,Volume,37.5993857012913,169.42857142857142
650,0002_5,Volume,38.66177217372392,105.28571428571428
650,0002_6,Volume,24.59705396421039,139.14285714285714
650,0003_1,Volume,31.44770618976392,156.35714285714286
650,0003_2,Volume,23.21147866453569,158.0
650,0003_3,Volume,22.286459755815628,135.57142857142856
650,0003_4,Volume,25.845179258862345,196.42857142857144
650,0003_5,Volume,38.04686780166911,184.1428571428572
650,0003_6,Volume,35.761360134353396,150.2142857142857
650,0003_8,Volume,33.36246660617701,167.64285714285714
650,0004_1,Volume,17.87683823050864,67.0
650,0004_2,Volume,6.525548024006028,27.142857142857142
650,0004_3,Volume,13.05752252907638,173.7142857142857
650,0004_5,Volume,15.093496196787626,144.5
650,0004_6,Volume,14.433814703413077,124.28571428571428
650,0004_7,Volume,17.92442895080964,162.57142857142856
650,0004_8,Volume,20.763047182692162,146.85714285714286
650,0005_1,Volume,14.337641505703829,136.42857142857142
650,0005_3,Volume,19.187081006520685,134.57142857142856
650,0005_4,Volume,17.579584049085952,157.28571428571428
650,0005_5,Volume,10.472418378370747,163.7142857142857
650,0005_6,Volume,10.297470728714217,156.57142857142856
650,0006_1,Volume,17.888368038659024,147.78571428571428
650,0006_2,Volume,25.53443133461198,106.5
650,0006_3,Volume,17.227426786276,145.07142857142856
650,0006_4,Volume,13.739060883796952,148.42857142857142
650,0006_5,Volume,23.210879858163864,52.785714285714285
650,0006_6,Volume,34.84535278570219,56.0
650,0006_8,Volume,36.23453153358493,177.5
650,0007_1,Volume,37.39769436675837,202.7142857142857
650,0007_2,Volume,27.15778885119063,31.71428571428571
650,0007_3,Volume,35.16193624517308,47.92857142857142
650,0007_4,Volume,41.24083035272324,79.57142857142857
650,0007_5,Volume,40.80206544338867,158.92857142857142
650,0007_6,Volume,32.69774086981971,89.78571428571428
650,0007_7,Volume,33.97162094527704,116.0
650,0007_8,Volume,23.732701522849368,169.28571428571428
650,0007_9,Volume,27.41727922861972,146.0
750,0001_1,Volume,15.78074673583977,121.85714285714285
750,0001_3,Volume,7.179302212946752,21.642857142857142
750,0001_5,Volume,6.187907099226152,28.07142857142857
750,0001_6,Volume,16.738584954353826,119.0
750,0002_1,Volume,22.193780428317012,94.85714285714285
750,0002_3,Volume,28.08877986461519,150.64285714285714
750,0002_4,Volume,40.274172969573854,106.64285714285714
750,0002_5,Volume,8.61727395794341,121.64285714285714
750,0003_1,Volume,27.38509857140299,132.5
750,0003_2,Volume,10.555775506899707,150.57142857142856
750,0003_3,Volume,16.81733796226989,148.0
750,0003_4,Volume,20.198640878283882,177.35714285714286
750,0003_5,Volume,22.802585816548515,75.92857142857143
750,0003_6,Volume,29.8450942739388,81.85714285714285
750,0003_7,Volume,38.881532393282896,183.85714285714283
750,0003_8,Volume,28.81435377839577,152.92857142857142
850,0002_2,Volume,23.0311999055057,140.14285714285714
850,0002_3,Volume,18.664849386062258,140.64285714285714
850,0003_1,Volume,41.516687498808594,186.85714285714283
850,0003_10,Volume,20.603340805565523,38.92857142857142
850,0003_2,Volume,12.770226304671425,172.64285714285714
850,0003_3,Volume,9.278201245168475,155.85714285714286
850,0003_4,Volume,28.03136806757169,149.0
850,0003_5,Volume,19.644435307158318,133.14285714285714
850,0003_6,Volume,17.533995303054056,130.85714285714286
850,0003_7,Volume,6.57843628553978,7.071428571428571
850,0003_8,Volume,15.049955826187471,150.42857142857142
850,0003_9,Volume,35.91556986385143,166.57142857142856
850,0004_1,Volume,18.552429893919253,168.7142857142857
850,0004_2,Volume,31.899827060785938,181.57142857142856
850,0004_3,Volume,19.654180140450976,182.5
850,0004_4,Volume,25.85981971106426,144.14285714285714
850,0004_5,Volume,12.213480532523562,157.2142857142857
850,0004_6,Volume,33.44700371070445,129.92857142857142
850,0004_7,Volume,11.449976210592496,143.57142857142856
850,0004_8,Volume,24.02110841057099,154.85714285714286
950,0001_1,Volume,16.814759885369,137.07142857142856
950,0001_2,Volume,31.19661884628553,129.57142857142856
950,0001_3,Volume,25.352050575332356,122.28571428571428
950,0001_4,Volume,28.624383195594675,146.64285714285714
950,0001_5,Volume,24.678996597264998,88.78571428571428
950,0001_6,Volume,20.306611604435915,121.78571428571428
950,0002_1,Volume,28.768179979078113,148.57142857142856
950,0002_2,Volume,26.384467667210913,125.78571428571428
950,0002_3,Volume,16.951912606657316,126.07142857142856
950,0002_4,Volume,17.646188288203362,59.85714285714285
950,0003_1,Volume,21.97550641042028,133.5
950,0003_10,Volume,14.727800885084989,131.57142857142856
950,0003_2,Volume,29.502729467137044,154.35714285714286
950,0003_3,Volume,18.18097004075119,168.5
950,0003_4,Volume,10.01435283950039,138.57142857142856
950,0003_5,Volume,21.859456960010107,144.0
950,0003_6,Volume,30.78562692690275,142.78571428571428
950,0003_7,Volume,42.60318497765832,73.71428571428571
950,0003_8,Volume,20.515840727821796,140.92857142857142
950,0003_9,Volume,25.37601036855503,146.5
950,0004_1,Volume,26.799043826547035,145.35714285714286
950,0004_10,Volume,36.27257886962397,126.21428571428572
950,0004_2,Volume,12.72200667234165,182.2142857142857
950,0004_3,Volume,21.206708887963728,153.92857142857142
950,0004_4,Volume,22.241774700910128,150.7142857142857
950,0004_5,Volume,12.939057612054768,163.85714285714286
950,0004_6,Volume,20.571280842037382,132.57142857142856
950,0004_7,Volume,30.785531104456453,73.64285714285714
950,0004_8,Volume,13.927171689816419,178.28571428571428
950,0004_9,Volume,37.58020848271076,167.0
1050,0001_1,Speed,99.45276552372991,28.85714285714285
1050,0001_2,Speed,48.30424377790594,4.785714285714286
1050,0001_3,Speed,98.3124160249834,34.57142857142857
1050,0001_4,Speed,99.51577754766276,36.85714285714285
1050,0001_5,Speed,98.54960745105701,59.0
1050,0001_6,Speed,99.19007649356976,35.357142857142854
1050,0001_7,Speed,97.9099242937279,43.57142857142857
1050,0001_8,Speed,99.33953557365442,24.57142857142857
1050,0001_9,Speed,98.96487173643806,35.64285714285714
1050,0001_10,Speed,97.94690627662614,43.92857142857142
1050,0002_1,Speed,99.18944724107543,19.21428571428571
1050,0002_2,Speed,99.21968479715848,60.57142857142857
1050,0002_3,Speed,92.24937974878384,7.642857142857142
1050,0002_4,Speed,99.30753757515825,29.5
1050,0002_5,Speed,98.22882954043622,4.714285714285714
1050,0002_6,Speed,38.56349382831798,6.571428571428571
1050,0002_7,Speed,99.79716231066534,51.85714285714285
1050,0003_1,Speed,99.49473763410143,72.64285714285714
1050,0003_2,Speed,98.94541194358038,49.64285714285714
1050,0003_3,Speed,99.56870821679506,19.642857142857142
1050,0003_4,Speed,98.83826671639949,37.64285714285714
1050,0003_5,Speed,99.03574569283381,42.71428571428572
1050,0003_6,Speed,97.7166238015762,48.0
1050,0003_7,Speed,98.40793485124556,44.07142857142857
1050,0003_8,Speed,98.92091978124651,40.35714285714285
1050,0003_9,Speed,99.21195163020874,20.5
1050,0004_1,Speed,98.7050805264391,17.428571428571427
1050,0004_2,Speed,99.16780635638614,61.64285714285714
1050,0004_3,Speed,98.45305059062159,17.57142857142857
1050,0004_4,Speed,99.52937907916082,50.35714285714285
1050,0004_5,Speed,99.35859626775874,31.21428571428571
1050,0004_6,Speed,99.40655628194533,19.928571428571427
1050,0004_7,Speed,99.46247458014344,29.71428571428571
1050,0004_8,Speed,99.15141886544306,35.14285714285714
150,0001_1,Speed,76.31792142203409,260.57142857142856
150,0001_2,Speed,41.488642047767755,115.57142857142856
150,0001_3,Speed,30.657282949273082,196.0
150,0001_4,Speed,13.891027566671283,42.42857142857142
150,0002_2,Speed,12.174260687924459,3.714285714285714
150,0004_2,Speed,83.82255239981521,52.92857142857142
150,0004_3,Speed,36.268113362106206,77.0
150,0006_1,Speed,64.08659326673153,20.857142857142858
21,0001_4,Speed,48.545807996403624,80.64285714285714
21,0002_2,Speed,57.31144787958446,13.5
21,0004_2,Speed,32.17074775483117,1.0
21,0006_1,Speed,57.30626347592518,31.785714285714285
21,0006_2,Speed,96.90940477909986,22.285714285714285
21,0006_3,Speed,32.848835413934324,18.21428571428571
21,0007_1,Speed,10.643657921732498,1.0
250,0001_1,Speed,73.04477663920282,61.285714285714285
250,0001_2,Speed,55.59277820442356,7.142857142857142
250,0001_3,Speed,7.176870623772473,10.214285714285714
250,0002_1,Speed,56.071905205943665,65.07142857142857
250,0002_3,Speed,38.70744849808716,1.2142857142857142
250,0003_2,Speed,54.437467947816636,1.0
250,0003_4,Speed,26.115816590708704,114.71428571428572
250,0004_1,Speed,43.269768607730285,5.142857142857142
250,0004_3,Speed,51.96980228384577,134.07142857142856
250,0004_4,Speed,79.66947473820811,58.71428571428571
250,0005_2,Speed,50.88708646415793,147.78571428571428
250,0005_3,Speed,5.237477413242829,59.14285714285714
350,0001_1,Speed,95.39115806635432,114.21428571428572
350,0001_2,Speed,95.24313541799647,73.92857142857143
350,0001_3,Speed,84.71495440724757,84.14285714285714
350,0001_4,Speed,92.51981998594464,21.428571428571427
350,0001_5,Speed,98.78567561779103,31.85714285714285
350,0002_1,Speed,99.1323811685346,75.07142857142857
350,0002_2,Speed,91.74362069960475,79.71428571428571
350,0002_3,Speed,98.95296688317438,132.85714285714286
350,0003_1,Speed,48.114056044322446,12.642857142857142
350,0003_2,Speed,92.7326439708527,70.92857142857143
350,0003_3,Speed,76.94978986489227,8.357142857142856
350,0003_5,Speed,98.46540454021107,145.7142857142857
350,0004_1,Speed,64.84836463004977,41.07142857142857
350,0004_2,Speed,91.39455927914968,46.35714285714285
350,0004_3,Speed,99.66073123710991,64.78571428571428
350,0004_4,Speed,84.41551420117246,77.92857142857143
350,0004_5,Speed,55.76056325871384,138.42857142857142
450,0001_1,Speed,98.65214896678279,30.71428571428571
450,0001_2,Speed,95.43566707054772,83.78571428571428
450,0001_3,Speed,59.8000621827312,23.85714285714285
450,0001_4,Speed,96.4516935317479,109.85714285714285
450,0001_5,Speed,96.73189141253619,10.428571428571429
450,0001_6,Speed,51.448437124458536,1.5
450,0001_7,Speed,51.43683119984918,29.785714285714285
450,0001_8,Speed,98.48360018800008,200.42857142857144
450,0001_9,Speed,85.65435817474776,45.0
450,0001_10,Speed,79.58632171522022,3.571428571428571
450,0002_1,Speed,98.83512390022152,94.5
450,0002_2,Speed,96.05994054528348,59.14285714285714
450,0002_3,Speed,35.172370613443476,2.214285714285714
450,0002_4,Speed,99.27247783983763,14.357142857142856
450,0002_5,Speed,84.68714640989374,1.0
450,0002_6,Speed,48.44638923421057,30.35714285714285
450,0002_7,Speed,98.28752346926291,71.28571428571428
450,0002_8,Speed,99.32060349165197,38.285714285714285
450,0002_9,Speed,98.58675265867554,55.85714285714285
450,0002_10,Speed,98.02271009766366,80.71428571428571
450,0003_1,Speed,99.2308566479548,90.35714285714285
450,0003_2,Speed,97.84369613224563,32.07142857142857
450,0003_3,Speed,99.16950311322397,60.21428571428571
450,0003_4,Speed,99.71945384199958,30.785714285714285
450,0003_5,Speed,99.31283334215368,24.35714285714285
450,0003_6,Speed,98.9093402775606,59.785714285714285
450,0003_7,Speed,99.12832577945153,27.07142857142857
450,0003_8,Speed,98.67025893340268,59.71428571428571
450,0003_9,Speed,89.78061148120707,9.357142857142856
450,0003_10,Speed,99.30297247752758,216.85714285714283
550,0001_1,Speed,95.25583642607025,79.07142857142857
550,0001_2,Speed,95.5102305374019,3.214285714285714
550,0001_3,Speed,95.11865512718546,18.642857142857142
550,0001_4,Speed,99.71826313157115,23.428571428571427
550,0001_5,Speed,98.95267406053813,42.5
550,0001_7,Speed,99.22843334482526,160.5
550,0002_1,Speed,99.65631575138927,25.71428571428571
550,0002_2,Speed,99.50964025663419,99.85714285714285
550,0002_3,Speed,93.19882974724572,32.64285714285714
550,0002_4,Speed,89.0865832508372,116.35714285714285
550,0002_5,Speed,99.69652379537774,10.071428571428571
650,0001_1,Speed,96.45475765328003,13.428571428571429
650,0001_2,Speed,91.96731047869177,148.92857142857142
650,0001_3,Speed,94.01421178154305,32.14285714285714
650,0001_4,Speed,98.60803304153987,13.357142857142856
650,0001_5,Speed,99.1870917172145,56.35714285714285
650,0001_6,Speed,99.22441794423516,23.642857142857142
650,0001_7,Speed,99.10519187096267,60.71428571428571
650,0001_8,Speed,98.01586029623448,55.285714285714285
650,0002_1,Speed,99.0408038651054,27.85714285714285
650,0002_2,Speed,99.39817741795305,34.285714285714285
650,0002_3,Speed,98.99550641996473,36.14285714285714
650,0002_4,Speed,99.51686986869593,44.5
650,0002_5,Speed,97.96300057352461,87.71428571428571
650,0002_6,Speed,98.76641800545013,26.785714285714285
650,0003_1,Speed,99.4906772785712,29.71428571428571
650,0003_2,Speed,99.69175131966406,30.85714285714285
650,0003_3,Speed,99.47868629104539,94.78571428571428
650,0003_4,Speed,99.72711900412294,25.07142857142857
650,0003_5,Speed,98.72415453006136,1.1428571428571428
650,0003_6,Speed,99.82534665208964,65.21428571428571
650,0003_7,Speed,94.60765908982782,26.35714285714285
650,0003_8,Speed,99.63531028981497,24.0
650,0004_1,Speed,99.75373204348254,12.785714285714285
650,0004_2,Speed,98.12615129652376,33.285714285714285
650,0004_3,Speed,98.28448768531202,73.28571428571428
650,0004_4,Speed,99.32654026953963,40.285714285714285
650,0004_5,Speed,99.70962403538067,35.92857142857142
650,0004_6,Speed,99.01802728297622,25.57142857142857
650,0004_7,Speed,99.18364748033356,21.642857142857142
650,0004_8,Speed,99.48560293938424,1.5
650,0005_1,Speed,99.03158914970832,42.57142857142857
650,0005_2,Speed,98.68932302781323,53.35714285714285
650,0005_3,Speed,98.9535190916443,11.214285714285714
650,0005_4,Speed,99.81025269178063,40.42857142857142
650,0005_5,Speed,99.27557645837324,23.285714285714285
650,0005_6,Speed,98.44908394968705,22.642857142857142
650,0006_1,Speed,99.27916367328889,5.428571428571428
650,0006_2,Speed,99.40605901556629,57.21428571428571
650,0006_3,Speed,99.82050912265218,18.07142857142857
650,0006_4,Speed,99.73546747215792,41.85714285714285
650,0006_5,Speed,97.02171033727834,74.14285714285714
650,0006_6,Speed,99.8965499861273,4.642857142857142
650,0006_8,Speed,98.94239325952493,115.78571428571428
650,0007_1,Speed,99.76014268238148,11.214285714285714
650,0007_2,Speed,99.2916573156123,12.571428571428571
650,0007_3,Speed,98.14468643948113,124.71428571428572
650,0007_4,Speed,99.2507440636132,117.14285714285714
650,0007_5,Speed,99.76986700220947,14.0
650,0007_6,Speed,99.79432322876353,85.07142857142857
650,0007_7,Speed,99.25945585727813,98.85714285714285
650,0007_8,Speed,99.4544009462684,43.42857142857142
650,0007_9,Speed,99.1037107538096,101.0
750,0001_1,Speed,99.5567087831908,21.928571428571427
750,0001_2,Speed,90.96620838992983,93.28571428571428
750,0001_3,Speed,92.28732670090413,9.428571428571429
750,0001_4,Speed,99.37080970819919,110.78571428571428
750,0001_5,Speed,98.87590692539297,15.642857142857142
750,0001_6,Speed,99.6160527615597,16.928571428571427
750,0002_1,Speed,96.9200538033701,10.928571428571429
750,0002_2,Speed,91.68443930977888,48.42857142857142
750,0002_3,Speed,97.78078560646995,19.428571428571427
750,0002_4,Speed,97.48589369046879,3.071428571428571
750,0002_5,Speed,98.09100890745,16.428571428571427
750,0003_1,Speed,99.71216070279695,9.0
750,0003_2,Speed,99.16100949540608,16.07142857142857
750,0003_3,Speed,99.88630470178077,28.5
750,0003_4,Speed,99.71407600079286,16.142857142857142
750,0003_5,Speed,99.2873508511714,58.21428571428571
750,0003_6,Speed,99.1658311991146,25.07142857142857
750,0003_7,Speed,99.34741053099174,65.78571428571428
750,0003_8,Speed,99.77637351908105,68.5
850,0002_1,Speed,97.30495098586746,10.142857142857142
850,0002_2,Speed,99.71545539161578,41.71428571428572
850,0002_3,Speed,99.39972189702533,52.07142857142857
850,0002_4,Speed,51.933433771767106,21.785714285714285
850,0003_1,Speed,99.53643809693796,47.64285714285714
850,0003_2,Speed,98.3880363560838,20.07142857142857
850,0003_3,Speed,98.47559014779631,35.57142857142857
850,0003_4,Speed,99.76924755053795,88.07142857142857
850,0003_5,Speed,99.05974880803701,20.5
850,0003_6,Speed,99.76716320845433,45.57142857142857
850,0003_7,Speed,99.76070240999074,23.07142857142857
850,0003_8,Speed,99.76259185763055,11.571428571428571
850,0003_9,Speed,96.74066010318401,1.1428571428571428
850,0003_10,Speed,99.64952966537743,3.5
850,0004_1,Speed,99.37717369963406,58.57142857142857
850,0004_2,Speed,99.09573904636316,74.28571428571428
850,0004_3,Speed,98.99790847952619,54.57142857142857
850,0004_4,Speed,99.41659471731789,18.21428571428571
850,0004_5,Speed,99.11445752538653,10.214285714285714
850,0004_6,Speed,99.64616603430761,41.92857142857142
850,0004_7,Speed,98.95883184482621,13.5
850,0004_8,Speed,99.06230622189165,39.64285714285714
950,0001_1,Speed,97.01550124532021,58.85714285714285
950,0001_2,Speed,99.28289302815776,44.07142857142857
950,0001_3,Speed,97.77300301937873,18.71428571428571
950,0001_4,Speed,98.7946774570862,83.14285714285714
950,0001_5,Speed,89.35125465401782,32.14285714285714
950,0001_6,Speed,98.58733086432369,57.21428571428571
950,0002_1,Speed,99.67302874968622,33.0
950,0002_2,Speed,99.29156913797095,30.428571428571427
950,0002_3,Speed,98.56406020038386,45.57142857142857
950,0002_4,Speed,99.07319114530839,51.785714285714285
950,0003_1,Speed,99.02790046938063,10.428571428571429
950,0003_2,Speed,97.60883455721107,34.57142857142857
950,0003_3,Speed,99.64825240828456,51.785714285714285
950,0003_4,Speed,98.99274172306154,28.21428571428571
950,0003_5,Speed,98.67257429632883,47.71428571428571
950,0003_6,Speed,97.81858091463816,26.07142857142857
950,0003_7,Speed,98.63040564335884,29.57142857142857
950,0003_8,Speed,98.78482550010709,5.357142857142857
950,0003_9,Speed,99.44648573758849,30.285714285714285
950,0003_10,Speed,99.02116337381024,11.357142857142856
950,0004_1,Speed,99.85885126879111,33.0
950,0004_2,Speed,99.56733835093448,26.428571428571427
950,0004_3,Speed,99.49175022217817,50.85714285714285
950,0004_4,Speed,99.57145926146218,40.85714285714285
950,0004_5,Speed,98.83723165426785,26.428571428571427
950,0004_6,Speed,99.33776867846507,12.5
950,0004_7,Speed,99.15395554680171,31.71428571428571
950,0004_8,Speed,99.68864482919565,36.71428571428572
950,0004_9,Speed,99.43365315665584,21.142857142857142
950,0004_10,Speed,99.71584806324186,25.428571428571427
1050,0001_1,Thrashing,100.0,46.14285714285714
1050,0001_10,Thrashing,100.0,31.142857142857142
1050,0001_2,Thrashing,50.0,10.857142857142856
1050,0001_3,Thrashing,100.0,30.85714285714285
1050,0001_4,Thrashing,100.0,56.71428571428571
1050,0001_5,Thrashing,100.0,83.92857142857143
1050,0001_6,Thrashing,100.0,16.0
1050,0001_7,Thrashing,100.0,42.57142857142857
1050,0001_8,Thrashing,100.0,49.57142857142857
1050,0001_9,Thrashing,100.0,33.14285714285714
1050,0002_1,Thrashing,100.0,19.71428571428571
1050,0002_2,Thrashing,100.0,56.85714285714285
1050,0002_3,Thrashing,100.0,0.0
1050,0002_4,Thrashing,100.0,26.07142857142857
1050,0002_5,Thrashing,100.0,118.71428571428572
1050,0002_6,Thrashing,45.45454545454546,6.428571428571428
1050,0002_7,Thrashing,100.0,0.6428571428571428
1050,0003_1,Thrashing,100.0,39.785714285714285
1050,0003_2,Thrashing,100.0,0.0
1050,0003_3,Thrashing,100.0,12.857142857142856
1050,0003_4,Thrashing,100.0,50.57142857142857
1050,0003_5,Thrashing,100.0,47.42857142857142
1050,0003_6,Thrashing,100.0,10.5
1050,0003_7,Thrashing,100.0,30.785714285714285
1050,0003_8,Thrashing,100.0,25.142857142857142
1050,0003_9,Thrashing,100.0,56.85714285714285
1050,0004_1,Thrashing,100.0,40.0
1050,0004_2,Thrashing,100.0,6.7142857142857135
1050,0004_3,Thrashing,100.0,20.285714285714285
1050,0004_4,Thrashing,100.0,39.42857142857142
1050,0004_5,Thrashing,100.0,52.285714285714285
1050,0004_6,Thrashing,100.0,16.0
1050,0004_7,Thrashing,100.0,31.285714285714285
1050,0004_8,Thrashing,100.0,51.57142857142857
150,0001_1,Thrashing,52.63157894736842,0.0
150,0001_2,Thrashing,80.0,4.0
150,0002_1,Thrashing,42.857142857142854,8.571428571428571
150,0002_2,Thrashing,42.30769230769231,0.0
150,0002_3,Thrashing,15.384615384615373,0.0
150,0004_1,Thrashing,53.84615384615385,67.07142857142857
150,0004_2,Thrashing,100.0,49.64285714285714
150,0005_1,Thrashing,16.666666666666657,6.785714285714286
150,0005_2,Thrashing,55.263157894736835,0.0
150,0005_3,Thrashing,10.0,0.0
150,0006_1,Thrashing,76.47058823529412,20.642857142857142
150,0006_2,Thrashing,43.75,0.0
21,0001_3,Thrashing,100.0,7.5
21,0002_1,Thrashing,25.0,8.0
21,0002_2,Thrashing,26.666666666666657,0.0
21,0002_3,Thrashing,35.71428571428571,8.928571428571429
21,0003_1,Thrashing,14.285714285714278,0.0
21,0003_2,Thrashing,35.29411764705881,0.0
21,0003_3,Thrashing,60.71428571428571,7.7142857142857135
21,0004_1,Thrashing,31.25,0.0
21,0004_2,Thrashing,41.17647058823529,0.0
21,0005_1,Thrashing,16.666666666666657,6.142857142857142
21,0006_1,Thrashing,60.0,19.0
21,0006_2,Thrashing,100.0,33.42857142857142
21,0006_3,Thrashing,41.17647058823529,0.0
250,0001_1,Thrashing,83.33333333333333,9.428571428571429
250,0001_2,Thrashing,66.66666666666666,47.07142857142857
250,0002_1,Thrashing,68.75,26.35714285714285
250,0002_2,Thrashing,38.0952380952381,11.285714285714285
250,0002_3,Thrashing,66.66666666666666,0.0
250,0003_1,Thrashing,50.0,0.0
250,0003_2,Thrashing,52.63157894736842,0.0
250,0003_4,Thrashing,33.33333333333333,37.57142857142857
250,0004_1,Thrashing,56.66666666666667,0.0
250,0004_3,Thrashing,84.21052631578948,32.285714285714285
250,0005_1,Thrashing,75.0,10.214285714285714
250,0005_2,Thrashing,81.25,0.0
250,0005_3,Thrashing,57.142857142857146,0.0
350,0001_1,Thrashing,100.0,0.0
350,0001_2,Thrashing,100.0,3.571428571428571
350,0001_3,Thrashing,100.0,108.07142857142856
350,0001_4,Thrashing,100.0,94.78571428571428
350,0002_1,Thrashing,100.0,0.0
350,0002_2,Thrashing,100.0,5.071428571428571
350,0002_3,Thrashing,100.0,0.0
350,0003_1,Thrashing,76.92307692307692,38.07142857142857
350,0003_2,Thrashing,100.0,94.28571428571428
350,0003_3,Thrashing,100.0,0.0
350,0003_4,Thrashing,33.33333333333333,0.0
350,0003_5,Thrashing,100.0,0.0
350,0004_1,Thrashing,100.0,22.85714285714285
350,0004_2,Thrashing,100.0,111.64285714285714
350,0004_3,Thrashing,100.0,18.428571428571427
350,0004_4,Thrashing,50.0,0.1428571428571428
350,0004_5,Thrashing,100.0,51.21428571428571
450,0001_1,Thrashing,100.0,0.0
450,0001_10,Thrashing,100.0,2.357142857142857
450,0001_2,Thrashing,100.0,7.428571428571428
450,0001_3,Thrashing,100.0,34.92857142857142
450,0001_4,Thrashing,100.0,14.571428571428571
450,0001_5,Thrashing,100.0,6.928571428571428
450,0001_6,Thrashing,33.33333333333333,0.0
450,0001_7,Thrashing,57.14285714285714,14.285714285714285
450,0001_8,Thrashing,100.0,0.1428571428571428
450,0001_9,Thrashing,100.0,33.0
450,0002_1,Thrashing,100.0,42.21428571428572
450,0002_10,Thrashing,100.0,1.7857142857142856
450,0002_2,Thrashing,100.0,48.85714285714285
450,0002_3,Thrashing,100.0,23.928571428571427
450,0002_4,Thrashing,100.0,20.71428571428571
450,0002_5,Thrashing,100.0,81.21428571428571
450,0002_6,Thrashing,86.66666666666667,46.92857142857142
450,0002_7,Thrashing,100.0,15.642857142857142
450,0002_8,Thrashing,100.0,14.071428571428571
450,0002_9,Thrashing,100.0,2.142857142857143
450,0003_10,Thrashing,100.0,180.78571428571428
450,0003_2,Thrashing,100.0,63.5
450,0003_3,Thrashing,100.0,30.785714285714285
450,0003_4,Thrashing,100.0,28.5
450,0003_5,Thrashing,100.0,27.285714285714285
450,0003_6,Thrashing,100.0,12.857142857142856
450,0003_7,Thrashing,100.0,98.64285714285714
450,0003_9,Thrashing,100.0,88.35714285714285
550,0001_1,Thrashing,100.0,57.21428571428571
550,0001_2,Thrashing,100.0,60.14285714285714
550,0001_3,Thrashing,100.0,29.142857142857142
550,0001_4,Thrashing,100.0,5.142857142857142
550,0001_5,Thrashing,100.0,5.214285714285714
550,0001_6,Thrashing,100.0,37.0
550,0002_1,Thrashing,100.0,59.5
550,0002_2,Thrashing,100.0,161.28571428571428
550,0002_3,Thrashing,100.0,27.35714285714285
550,0002_4,Thrashing,54.54545454545455,79.42857142857143
550,0002_5,Thrashing,100.0,145.85714285714286
650,0001_1,Thrashing,100.0,46.07142857142857
650,0001_2,Thrashing,100.0,26.928571428571427
650,0001_3,Thrashing,100.0,39.57142857142857
650,0001_4,Thrashing,100.0,14.0
650,0001_5,Thrashing,100.0,56.285714285714285
650,0001_6,Thrashing,100.0,22.928571428571427
650,0001_7,Thrashing,100.0,15.857142857142856
650,0001_8,Thrashing,100.0,17.5
650,0002_1,Thrashing,100.0,70.64285714285714
650,0002_2,Thrashing,100.0,12.714285714285714
650,0002_3,Thrashing,100.0,34.714285714285715
650,0002_4,Thrashing,100.0,50.0
650,0002_5,Thrashing,100.0,9.857142857142856
650,0002_6,Thrashing,100.0,14.5
650,0003_1,Thrashing,100.0,60.14285714285714
650,0003_2,Thrashing,100.0,30.142857142857142
650,0003_3,Thrashing,100.0,103.42857142857142
650,0003_4,Thrashing,100.0,32.714285714285715
650,0003_5,Thrashing,100.0,0.0
650,0003_6,Thrashing,100.0,112.64285714285714
650,0003_7,Thrashing,100.0,12.428571428571429
650,0003_8,Thrashing,100.0,0.1428571428571428
650,0004_1,Thrashing,100.0,43.42857142857142
650,0004_2,Thrashing,100.0,50.57142857142857
650,0004_3,Thrashing,100.0,52.0
650,0004_4,Thrashing,100.0,14.928571428571429
650,0004_5,Thrashing,100.0,37.71428571428572
650,0004_6,Thrashing,100.0,20.928571428571427
650,0004_7,Thrashing,100.0,67.14285714285714
650,0004_8,Thrashing,100.0,51.92857142857142
650,0005_1,Thrashing,100.0,60.07142857142857
650,0005_2,Thrashing,100.0,0.0
650,0005_3,Thrashing,100.0,21.642857142857142
650,0005_4,Thrashing,100.0,54.71428571428571
650,0005_5,Thrashing,100.0,73.57142857142857
650,0005_6,Thrashing,100.0,33.0
650,0006_1,Thrashing,100.0,0.0
650,0006_2,Thrashing,100.0,67.71428571428571
650,0006_3,Thrashing,100.0,50.42857142857142
650,0006_4,Thrashing,100.0,23.07142857142857
650,0006_5,Thrashing,100.0,52.14285714285714
650,0006_6,Thrashing,100.0,54.5
650,0006_8,Thrashing,100.0,6.642857142857142
650,0007_1,Thrashing,100.0,25.285714285714285
650,0007_2,Thrashing,100.0,33.07142857142857
650,0007_3,Thrashing,100.0,41.64285714285714
650,0007_4,Thrashing,100.0,66.42857142857143
650,0007_5,Thrashing,100.0,63.5
650,0007_6,Thrashing,100.0,23.07142857142857
650,0007_7,Thrashing,100.0,78.5
650,0007_8,Thrashing,100.0,89.71428571428571
650,0007_9,Thrashing,100.0,52.85714285714285
750,0001_1,Thrashing,100.0,66.21428571428571
750,0001_2,Thrashing,100.0,0.0
750,0001_3,Thrashing,100.0,7.5
750,0001_4,Thrashing,100.0,0.0
750,0001_5,Thrashing,100.0,9.571428571428571
750,0001_6,Thrashing,100.0,56.42857142857142
750,0002_1,Thrashing,100.0,49.14285714285714
750,0002_2,Thrashing,100.0,27.07142857142857
750,0002_3,Thrashing,100.0,80.78571428571428
750,0002_4,Thrashing,100.0,11.857142857142856
750,0002_5,Thrashing,100.0,52.92857142857142
750,0003_1,Thrashing,100.0,56.92857142857142
750,0003_2,Thrashing,100.0,44.64285714285714
750,0003_3,Thrashing,100.0,42.71428571428572
750,0003_4,Thrashing,100.0,13.142857142857142
750,0003_5,Thrashing,100.0,45.85714285714285
750,0003_6,Thrashing,100.0,56.42857142857142
750,0003_7,Thrashing,100.0,42.785714285714285
750,0003_8,Thrashing,100.0,46.285714285714285
850,0002_1,Thrashing,100.0,34.0
850,0002_2,Thrashing,100.0,60.35714285714285
850,0002_3,Thrashing,100.0,50.285714285714285
850,0002_4,Thrashing,40.0,1.0
850,0003_1,Thrashing,100.0,16.785714285714285
850,0003_10,Thrashing,100.0,31.71428571428571
850,0003_2,Thrashing,100.0,63.14285714285714
850,0003_3,Thrashing,100.0,35.42857142857142
850,0003_4,Thrashing,100.0,76.14285714285714
850,0003_5,Thrashing,100.0,0.0
850,0003_6,Thrashing,100.0,36.35714285714285
850,0003_7,Thrashing,100.0,45.64285714285714
850,0003_8,Thrashing,100.0,23.21428571428571
850,0003_9,Thrashing,100.0,10.214285714285714
850,0004_1,Thrashing,100.0,29.85714285714285
850,0004_2,Thrashing,100.0,22.642857142857142
850,0004_3,Thrashing,100.0,17.357142857142858
850,0004_4,Thrashing,100.0,21.0
850,0004_5,Thrashing,100.0,17.357142857142858
850,0004_6,Thrashing,100.0,60.35714285714285
850,0004_7,Thrashing,100.0,54.92857142857142
850,0004_8,Thrashing,100.0,39.92857142857142
950,0001_1,Thrashing,100.0,59.42857142857142
950,0001_2,Thrashing,100.0,75.85714285714285
950,0001_3,Thrashing,100.0,38.85714285714285
950,0001_4,Thrashing,100.0,101.14285714285714
950,0001_5,Thrashing,70.0,18.142857142857142
950,0001_6,Thrashing,100.0,51.92857142857142
950,0002_1,Thrashing,100.0,21.357142857142858
950,0002_2,Thrashing,100.0,32.5
950,0002_3,Thrashing,100.0,9.714285714285714
950,0002_4,Thrashing,100.0,84.42857142857143
950,0003_1,Thrashing,100.0,35.714285714285715
950,0003_10,Thrashing,100.0,28.642857142857142
950,0003_2,Thrashing,100.0,34.357142857142854
950,0003_3,Thrashing,100.0,24.5
950,0003_4,Thrashing,100.0,26.928571428571427
950,0003_5,Thrashing,100.0,24.5
950,0003_6,Thrashing,100.0,74.28571428571428
950,0003_7,Thrashing,100.0,127.14285714285714
950,0003_8,Thrashing,100.0,55.5
950,0003_9,Thrashing,100.0,57.07142857142857
950,0004_1,Thrashing,100.0,48.92857142857142
950,0004_10,Thrashing,100.0,9.571428571428571
950,0004_2,Thrashing,100.0,20.285714285714285
950,0004_3,Thrashing,100.0,71.78571428571428
950,0004_4,Thrashing,100.0,19.07142857142857
950,0004_5,Thrashing,100.0,33.214285714285715
950,0004_6,Thrashing,100.0,34.5
950,0004_7,Thrashing,100.0,25.285714285714285
950,0004_8,Thrashing,100.0,30.21428571428571
950,0004_9,Thrashing,100.0,85.71428571428571
